Data,PM25,d3_mean,weekly_mean,month_max,month_std,expanding_mean,expanding_median,nested_mean,lag1d,day_of_week,month_number,season,trend,seasonal,resid
2022-01-01,4.934921,,,,,,,,,5,1,0,18.61610117234338,-13.957708871180039,0.27652869883665687
2022-01-02,10.341562,4.934921,4.934921,4.934921,,4.934921,4.934921,,4.934921,6,1,0,19.03532521720153,-9.530361483655913,0.8365982664543807
2022-01-03,5.007348,7.6382414999999995,7.6382414999999995,10.341562,3.8230725145412165,7.6382414999999995,7.6382414999999995,4.934921,10.341562,0,1,0,19.422522345172812,-10.30557265025176,-4.109601694921052
2022-01-04,9.688094,6.761277,6.761277,10.341562,3.1008292323991333,6.761277,5.007348,6.286581249999999,5.007348,1,1,0,19.770425269173625,-5.452575625961259,-4.629755643212366
2022-01-05,5.914476,8.345668,7.49298125,10.341562,2.924321982421381,7.49298125,7.347721,6.444813166666666,9.688094,2,1,0,20.073551173510566,-13.102990646954119,-1.0560845265564467
2022-01-06,6.005189,6.8699726666666665,7.1772802,10.341562,2.62908350143357,7.1772802,5.914476,6.920026875,5.914476,3,1,0,20.329351199614994,-11.656837976420382,-2.667324223194612
2022-01-07,13.716152,7.202586333333333,6.981931666666667,10.341562,2.3997146377978082,6.981931666666667,5.959832499999999,6.910016033333333,6.005189,4,1,0,20.537926832083073,-3.9598155173514424,-2.8619593147316316
2022-01-08,19.322357,8.545272333333333,7.943963142857143,13.716152,3.358182625665179,7.943963142857143,6.005189,6.958777749999999,13.716152,5,1,0,20.704099025645956,-3.3538241293521347,1.9720821037061782
2022-01-09,33.909314,13.014566,9.999311142857142,19.322357,5.084271393314735,9.366262375,7.8466415,7.1854198333333335,19.322357,6,1,0,20.8411007627401,5.3847084671729775,7.683504770086923
2022-01-10,43.070916,22.315941,13.366132857142857,33.909314,9.46296101724058,12.093268111111112,9.688094,8.339654833333332,33.909314,0,1,0,20.974739382732867,13.427329189436696,8.668847427830432
2022-01-11,63.970798,32.10086233333333,18.803785428571427,43.070916,13.249881557398092,15.1910329,10.014828,10.436469047619047,43.070916,1,1,0,21.14433462986785,29.954730719049223,12.87173265108293
2022-01-12,31.368494,46.983676,26.558457428571426,63.970798,19.347311675911442,19.625557,10.341562,14.05640980952381,63.970798,2,1,0,21.34009671428337,10.938553197119822,-0.9101559114031943
2022-01-13,10.032802,46.136736000000006,30.194745714285713,63.970798,18.75582304597791,20.604135083333333,12.028856999999999,19.576125238095237,31.368494,3,1,0,20.646327387429892,-9.609402500726624,-1.0041228867032679
2022-01-14,10.323119,35.124031333333335,30.770118999999998,63.970798,18.19511512191977,19.790955615384615,10.341562,25.18566285714286,10.032802,4,1,0,19.55047633992316,-7.1990469267160115,-2.028310413207148
2022-01-15,13.733921,17.241471666666666,30.2854,63.970798,17.66348613038769,19.114681571428573,10.3323405,29.174440714285712,10.323119,5,1,0,18.17146211246574,-7.349794866736041,2.912253754270303
2022-01-16,19.630789,11.363280666666668,29.487052,63.970798,17.077566867631074,18.7559642,10.341562,30.41675490476191,13.733921,6,1,0,16.667120031842344,-4.66935938306262,7.6330283512202755
2022-01-17,4.735347,14.562609666666667,27.44726271428571,63.970798,16.49994656089634,18.81064075,12.028856999999999,30.180857000000003,19.630789,0,1,0,15.171522459104958,-9.49465060746058,-0.9415248516443793
2022-01-18,7.674305,12.700019,21.97075285714286,63.970798,16.33666061989868,17.982682294117648,10.341562,29.073238238095236,4.735347,1,1,0,13.792669244938834,-8.899702074422903,2.781337829484068
2022-01-19,12.264329,10.680147,13.928396714285714,63.970798,16.034049882265105,17.409994666666666,10.3323405,26.301689190476193,7.674305,2,1,0,12.598105182615086,-2.0656224608909137,1.7318462782758282
2022-01-20,3.973222,8.224660333333334,11.199230285714284,63.970798,15.626948142436243,17.139170157894736,10.341562,21.115470761904763,12.264329,3,1,0,11.619773261025463,-1.9719365208816093,-5.674614740143854
2022-01-21,4.190932,7.970618666666667,10.333576000000003,63.970798,15.492446767082136,16.48087275,10.3323405,15.699459952380954,3.973222,4,1,0,10.834483558761391,3.1303466920176155,-9.773898250779007
2022-01-22,5.733206,6.809494333333333,9.457549285714284,63.970798,15.336479984965882,15.895637476190476,10.323119,11.820401,4.190932,5,1,0,10.197221609559913,9.441935988681628,-13.90595159824154
2022-01-23,15.78446,4.632453333333333,8.31459,63.970798,15.122882474829513,15.433708772727272,10.177960500000001,10.330118523809526,5.733206,6,1,0,9.656308112800634,19.868925982163056,-13.74077409496369
2022-01-24,27.958402,8.569532666666666,7.765114428571429,63.970798,14.775364537490528,15.448958826086956,10.323119,9.368571761904763,15.78446,0,1,0,9.2104588775787,8.343278605216652,10.404664517204646
2022-01-25,7.365961,16.492022666666667,11.082693714285714,63.970798,14.674462659958325,15.970185625,10.3323405,8.512417904761904,27.958402,1,1,0,8.905462723384037,-5.195238183678359,3.6557364602943228
2022-01-26,6.712761,17.03627433333333,11.038644571428572,63.970798,14.46819503887077,15.62601664,10.323119,9.054132714285714,7.365961,2,1,0,8.75433258753467,-4.922710857208635,2.881139269673966
2022-01-27,8.055299,14.012374666666666,10.245563428571428,63.970798,14.283246872131752,15.283199115384615,10.177960500000001,9.962150904761904,6.712761,3,1,0,8.7071290934768,-4.8560951422292655,4.204265048752466
2022-01-28,1.705395,7.378007,10.828717285714285,63.970798,14.074781268204404,15.015499111111112,10.032802,10.788967238095239,8.055299,4,1,0,8.706348248157584,-4.005561651166806,-2.9953915969907774
2022-01-29,6.984887,5.491151666666667,10.473640571428572,63.970798,14.038858677810722,14.54013825,9.860448,10.704308428571428,1.705395,5,1,0,8.720913065181007,-6.155359470817428,4.41933340563642
2022-01-30,3.828081,5.581860333333334,10.652452142857143,63.970798,13.857091290742922,14.279612344827587,9.688094,10.515973761904762,6.984887,6,1,0,8.716012653514511,-6.361120725277802,1.47318907176329
2022-01-31,12.754385,4.172787666666667,8.944398000000001,63.970798,13.749137615994446,13.931227966666667,8.871696499999999,10.651603333333332,3.828081,0,1,0,8.656092503445315,-0.42482086722853946,4.523113363783224
2022-02-01,9.561409,7.855784333333333,6.772395571428571,63.970798,13.646444600428682,13.89326529032258,9.688094,10.023496904761904,12.754385,1,2,0,8.533443154821915,-1.103006240007844,2.1309720851859275
2022-02-02,4.100249,8.714625,7.086030999999999,63.970798,13.654775691946039,13.75789478125,9.624751499999999,8.789748571428571,9.561409,2,2,0,8.377701886384845,0.6532552480280087,-4.930708134412853
2022-02-03,13.117264,8.805347666666666,6.712815,63.970798,13.676741965604904,13.46523884848485,9.561409,7.600941523809524,4.100249,3,2,0,8.25875981027691,5.060158423726984,-0.20165423400389315
2022-02-04,14.460542,8.926307333333334,7.4359528571428575,63.970798,13.65259775429115,13.455004294117646,9.624751499999999,6.857080523809524,13.117264,4,2,0,8.273284915335244,10.39024166925032,-4.202984584585565
2022-02-05,4.880536,10.559351666666666,9.258116714285714,63.970798,13.561531816108708,13.483733942857143,9.688094,7.078266285714285,14.460542,5,2,0,8.448187711781458,6.801864099533063,-10.369515811314521
2022-02-06,5.424843,10.819447333333335,8.957495142857143,63.970798,13.587453163184518,13.244756222222222,9.624751499999999,7.802294857142857,4.880536,6,2,0,8.784554039053509,-0.27373501178523746,-3.0859760272682717
2022-02-07,6.477001,8.255307,9.185604,63.970798,13.687844755946763,13.033407216216215,9.561409,8.550521571428572,5.424843,0,2,0,9.22055837979855,-2.26858347730669,-0.4749739024918611
2022-02-08,8.236814,5.594126666666667,8.288834857142858,63.970798,13.723626575342951,12.860870210526317,8.808354,9.13373861904762,6.477001,1,2,0,9.65025494100175,-3.016191884098833,1.6027509430970834
2022-02-09,9.161995,6.712886,8.099607,63.970798,13.21705233908965,12.742304666666668,8.236814,8.810644666666667,8.236814,2,2,0,10.011786554360091,-4.247969593704087,3.3981780393439944
2022-02-10,7.982699,7.9586033333333335,8.82271357142857,63.970798,11.939351580692156,12.652796925,8.6994045,8.524681952380954,9.161995,3,2,0,10.269048208876873,-2.854908868250078,0.5685596593732054
2022-02-11,6.567608,8.460502666666665,8.089204285714285,31.368494,6.75415164821565,12.538892097560975,8.236814,8.403718476190477,7.982699,4,2,0,10.423932714415548,-4.3457094037839825,0.4893846893684337
2022-02-12,9.307135,7.904100666666667,6.9616422857142854,27.958402,5.42869286699565,12.396718666666667,8.1460565,8.337174952380952,6.567608,5,2,0,10.472291033260221,0.839176450299864,-2.004332483560084
2022-02-13,18.995782,7.952480666666666,7.5940135714285715,27.958402,5.426072664401976,12.32486788372093,8.236814,7.957853380952381,9.307135,6,2,0,10.417508408903778,-0.1815929529474529,8.759866544043675
2022-02-14,20.266053,11.623508333333334,9.532719142857143,27.958402,5.717275737118626,12.476479568181817,8.6994045,7.548286714285714,18.995782,0,2,0,10.302671848260703,-1.3588909787809889,11.322272130520284
2022-02-15,23.495047,16.189656666666664,11.502583714285715,27.958402,6.005959267793705,12.649581199999998,9.161995,8.029458333333334,20.266053,1,2,0,10.156833494873482,1.5882390578221477,11.749974447304371
2022-02-16,9.906056,20.918960666666663,13.682331285714286,27.958402,6.264460817906533,12.885352195652173,9.234565,9.543105476190476,23.495047,2,2,0,9.98273516748057,2.712500694556705,-2.789179862037275
2022-02-17,1.995697,17.889051999999996,13.788625714285713,27.958402,6.193165021789194,12.821962914893616,9.307135,11.572544714285714,9.906056,3,2,0,9.782415293371946,4.978021319803245,-12.764739613175191
2022-02-18,7.529246,11.798933333333332,12.933339714285713,27.958402,6.348296357537557,12.596415708333334,9.234565,12.991180238095238,1.995697,4,2,0,9.537440166580383,5.496863790734956,-7.50505795731534
2022-02-19,3.701184,6.476999666666665,13.070716571428571,27.958402,6.341414118954538,12.493004081632654,9.161995,13.468098904761904,7.529246,5,2,0,9.299603853429915,1.1482013394038215,-6.746621192833736
2022-02-20,4.771642,4.408708999999999,12.26986642857143,27.958402,6.349853166643684,12.31716768,8.6994045,13.264227333333332,3.701184,6,2,0,9.216799971325756,-4.765060586988283,0.319902615662528
2022-02-21,2.648814,5.334023999999999,10.237846428571428,27.958402,6.333845337764397,12.169216196078432,8.236814,12.757974238095235,4.771642,0,2,0,9.45355513046795,-4.371839031168627,-2.4329020992993238
2022-02-22,5.569767,3.707213333333332,7.721098,27.958402,6.422529793411818,11.986131538461537,8.1460565,11.859476476190475,2.648814,1,2,0,10.101748146174758,-0.7885232455958388,-3.74345790057892
2022-02-23,8.817526,4.330074333333332,5.160343714285714,27.958402,6.345870680264295,11.865068056603773,8.055299,10.076270285714283,5.569767,2,2,0,11.137898180079867,-3.1979354396225235,0.8775632595426561
2022-02-24,14.550706,5.678702333333333,5.004839428571429,23.495047,5.254643277420093,11.80863209259259,8.1460565,7.706429380952379,8.817526,3,2,0,12.471477698112604,-0.6557147898234601,2.7349430917108553
2022-02-25,6.640263,9.645999666666667,6.798412142857143,23.495047,5.364723479165644,11.858487981818183,8.236814,5.9620937142857136,14.550706,4,2,0,13.953339826628884,-1.0396740292006255,-6.2734027974282585
2022-02-26,9.887823,10.002831666666667,6.6714145714285715,23.495047,5.36567456418157,11.765305392857142,8.1460565,5.654531761904762,6.640263,5,2,0,15.370354492307456,-1.4274433369470954,-4.055088155360362
2022-02-27,6.259366,10.359597333333332,7.555220142857143,23.495047,5.368318449657017,11.732367105263158,8.236814,6.158222047619048,9.887823,6,2,0,16.55323705579374,1.2719409398543873,-11.565811995648128
2022-02-28,18.578525,7.595817333333332,7.767752142857143,23.495047,5.223887598901052,11.63800501724138,8.1460565,7.008348952380952,6.259366,0,2,0,17.45564112796559,1.4603076353750022,-0.3374237633405919
2022-03-01,40.421633,11.575237999999999,10.043425142857144,23.495047,5.496790087301331,11.755640949152543,8.236814,7.331462285714285,18.578525,1,3,1,18.112661277520573,5.898145685290776,16.41082603718865
2022-03-02,44.721259,21.753174666666666,15.022263142857144,40.421633,7.8103550047174695,12.233407483333334,8.527170000000002,8.45546580952381,40.421633,2,3,1,18.590693869139194,6.709162454781261,19.421402676079545
2022-03-03,32.493333,34.573805666666665,20.151367857142855,44.721259,9.99779651258985,12.765995213114753,8.817526,10.944480142857142,44.721259,3,3,1,18.958116693711993,1.424143569106946,12.111072737181061
2022-03-04,10.159836,39.212075,22.714600285714287,44.721259,10.689207907680876,13.084178080645161,8.9897605,15.072352047619047,32.493333,4,3,1,19.227833787250567,-6.641023199308525,-2.4269745879420412
2022-03-05,11.266839,29.124809333333335,23.217396428571426,44.721259,10.584376682177027,13.037759952380952,9.161995,19.296077095238097,10.159836,5,3,1,19.395689598909424,-3.086106236582437,-5.042744362326989
2022-03-06,23.368259,17.973336,23.414398714285714,44.721259,10.586454142988304,13.0100893125,9.234565,22.02778819047619,11.266839,6,3,1,19.468492325163897,-0.16388684460164613,4.0636535194377466
2022-03-07,10.885815,14.931644666666665,25.858526285714284,44.721259,10.76655658645945,13.16944576923077,9.307135,23.11546514285714,23.368259,0,3,1,19.447575124860432,-1.4625188485626415,-7.099241276297791
2022-03-08,14.623066,15.173637666666666,24.759567714285716,44.721259,10.669573592423516,13.134845303030302,9.434272,24.163440476190477,10.885815,1,3,1,19.3679723336727,-1.3319590960922096,-3.4129472375804912
2022-03-09,15.475635,16.292379999999998,21.074058142857144,44.721259,10.576048093186898,13.157057552238806,9.561409,24.67749757142857,14.623066,2,3,1,19.331056350345175,-2.905721898533354,-0.9496994518118207
2022-03-10,7.63802,13.661505333333333,16.896111857142856,44.721259,10.502938586113705,13.191154279411764,9.624751499999999,23.897384047619045,15.475635,3,3,1,19.490228188317065,-1.6873920688581838,-10.164816119458882
2022-03-11,14.532141,12.578907,13.345352857142856,44.721259,10.514064034261397,13.11067407246377,9.561409,20.90991257142857,7.63802,4,3,1,19.966150827412655,1.5349700508610185,-6.968979878273673
2022-03-12,21.825505,12.548598666666669,13.969967857142857,44.721259,10.481748733810186,13.130980742857142,9.624751499999999,17.105174285714288,14.532141,5,3,1,20.795546513869883,0.9383503293675741,0.0916081567625433
2022-03-13,25.889439,14.665222,15.478348714285714,44.721259,10.522873926861138,13.253438830985916,9.688094,14.73714419047619,21.825505,6,3,1,21.944598055251376,7.722492192486574,-3.77765124773795
2022-03-14,25.962716,20.74902833333333,15.838517285714286,44.721259,10.628494172148192,13.428938833333333,9.787958499999998,14.264556476190476,25.889439,0,3,1,23.3253374940771,5.997368026804149,-3.35998952088125
2022-03-15,25.671728,24.55922,17.992360285714287,44.721259,10.761846536629676,13.600634410958904,9.887823,15.095611285714284,25.962716,1,3,1,24.816354483687277,0.22068957231978797,0.6346839439929362
2022-03-16,18.088629,25.841294333333334,19.57074057142857,44.721259,10.906192021178454,13.763757297297298,9.896939499999998,16.43640876190476,25.671728,2,3,1,26.315148528538842,-6.991479024973034,-1.2350405035658056
2022-03-17,32.857018,23.241024333333332,19.94402542857143,44.721259,10.881642750152736,13.821422253333333,9.906056,17.80053938095238,18.088629,3,3,1,27.678274041319565,-2.101008318645771,7.2797522773262
2022-03-18,31.005642,25.539125000000002,23.546739428571424,44.721259,11.244669899174369,14.071890618421051,9.969429,19.169042095238094,32.857018,4,3,1,28.751356081153777,-0.11285731368111254,2.3671432325273365
2022-03-19,40.568025,27.317096333333335,25.900096714285716,44.721259,11.514036411576948,14.291809467532469,10.032802,21.02050180952381,31.005642,5,3,1,29.456867713631276,-0.7062347831712243,11.817392069539949
2022-03-20,28.15726,34.810228333333335,28.57759957142857,44.721259,11.97212765107739,14.628684025641027,10.096319000000001,23.130287190476192,40.568025,6,3,1,29.750169936458416,-0.3765949271508573,-1.2163150093075572
2022-03-21,27.123134,33.243642333333334,28.901574,44.721259,11.949477813023904,14.79993182278481,10.159836,26.008145238095242,28.15726,0,3,1,29.592617089496475,-1.1636530166695989,-1.3058300728268755
2022-03-22,39.842155,31.949473,29.067348,44.721259,11.707345851597744,14.953971849999999,10.2414775,27.793090095238096,27.123134,1,3,1,28.99632812098002,-1.308259157727546,12.154086036747525
2022-03-23,45.629708,31.70751633333333,31.091694714285715,44.721259,11.950030058109078,15.26123337037037,10.323119,28.84884052380952,39.842155,2,3,1,28.02348070041564,2.0951347176709696,15.511092581913395
2022-03-24,30.135182,37.53166566666666,35.02613457142857,45.629708,12.305078619431002,15.631580621951219,10.3323405,29.68687223809524,45.629708,3,3,1,26.719793386776097,0.25809171718937973,3.1572968960345236
2022-03-25,34.34431,38.53568166666667,34.637300857142854,45.629708,11.990781007958015,15.806322807228915,10.341562,31.72839242857143,30.135182,4,3,1,25.12801185079881,4.344208806417663,4.872089342783529
2022-03-26,18.19752,36.70306666666667,35.11425342857143,45.629708,11.871726971237079,16.027013130952383,10.613688499999999,33.58504338095238,34.34431,5,3,1,23.31544307263983,2.0906548792690036,-7.208577951908833
2022-03-27,12.881595,27.559004,31.918467,45.629708,11.794075517875921,16.052548505882353,10.885815,34.92589628571429,18.19752,6,3,1,21.34921259107557,-2.144008450597667,-6.3236091404779025
2022-03-28,14.241913,21.807808333333337,29.736229142857145,45.629708,11.534193643636659,16.015676953488374,11.076327,33.89000709523809,12.881595,0,3,1,19.3084333728251,-5.2289516066786765,0.16243123385357805
2022-03-29,16.328249,15.107009333333332,27.896054714285718,45.629708,11.377479025967148,15.995288862068964,11.266839,32.256316523809524,14.241913,1,3,1,17.287480041822636,-0.7190204334550593,-0.24021060836757613
2022-03-30,12.336944,14.483919,24.536925285714286,45.629708,10.974579131097355,15.9990725,11.765584,29.850250285714285,16.328249,2,3,1,15.370863035563527,-0.6525815780800268,-2.3813374574835002
2022-03-31,6.712749,14.302368666666666,19.78081614285714,45.629708,11.14715017625888,15.957924988764045,12.264329,27.38973638095238,12.336944,3,3,1,13.62233561926531,1.1419969278844406,-8.051583547149752
2022-04-01,14.314873,11.792647333333333,16.434754285714288,45.629708,11.15688642934254,15.85520081111111,11.765584,24.071265380952383,6.712749,4,4,1,12.129905109905769,0.9121453410165863,1.2728225490776452
2022-04-02,11.611241,11.121521999999999,13.573406142857143,45.629708,10.485811316977019,15.838274131868133,12.264329,20.250831904761903,14.314873,5,4,1,10.96553641548165,1.834559375331836,-1.188854790813485
2022-04-03,5.878351,10.879621,12.632509142857144,45.629708,10.464152017852097,15.792328119565218,11.937785,16.596325523809522,11.611241,6,4,1,10.127365333968953,1.0481724785530606,-5.297186812522013
2022-04-04,10.903622,10.601488333333334,11.632045714285713,45.629708,10.650129327527981,15.685726215053762,11.611241,14.213556523809524,5.878351,0,4,1,9.57605474595265,2.403124130604353,-1.0755568765570018
2022-04-05,6.749169,9.464404666666667,11.155147,45.629708,10.66206528445737,15.634852765957447,11.439039999999999,12.612653666666668,10.903622,1,4,1,9.2958927675065,-0.6045849153413244,-1.9421388521651748
2022-04-06,4.735184,7.843714000000001,9.786707000000002,45.629708,10.97453135431928,15.541319252631578,11.266839,11.806567285714285,6.749169,2,4,1,9.23397258042859,0.9492067928534444,-5.447995373282034
2022-04-07,12.463987,7.462658333333333,8.700741285714285,45.629708,11.21855691640995,15.42875534375,11.0852305,10.857966571428571,4.735184,3,4,1,9.319263740216863,-0.6867219322665005,3.831445192049637
2022-04-08,4.35431,7.982780000000001,9.522346714285714,45.629708,11.264227651730517,15.398190721649483,11.266839,9.880865095238095,12.463987,4,4,1,9.491386290111581,-3.2158058188030374,-1.921270471308544
2022-04-09,6.386183,7.184493666666666,8.099409142857143,45.629708,11.609700574472852,15.28549806122449,11.0852305,9.336598333333333,4.35431,5,4,1,9.676617510244661,-2.7110796620003037,-0.5793548482443569
2022-04-10,6.132209,7.734826666666667,7.352972285714286,45.629708,11.657935459273311,15.195605989898988,10.903622,8.774165714285713,6.386183,6,4,1,9.822165001823032,-0.4659371383697737,-3.224018863453259
2022-04-11,6.477083,5.624234,7.389237714285714,45.629708,11.892087271348071,15.10497202,10.8947185,8.32490938095238,6.132209,0,4,1,9.941489116904709,-0.6422504160819886,-2.8221557008227194
2022-04-12,14.677334,6.331824999999999,6.756875,45.629708,12.125837227976639,15.019547376237623,10.885815,7.613873047619047,6.477083,1,4,1,10.081590291808189,0.8670803704746418,3.728663337717169
2022-04-13,16.908809,9.095542,7.88947,45.629708,12.085246932407342,15.016192343137254,10.8947185,7.166361666666667,14.677334,2,4,1,10.255863338277509,1.5195868022440397,5.133358859478452
2022-04-14,22.660063,12.687742,9.628559285714287,45.629708,12.013707465394175,15.034567262135923,10.903622,7.345194238095238,16.908809,3,4,1,10.464593526855829,2.4707384058869617,9.72473106725721
2022-04-15,14.314483,18.082068666666668,11.08514157142857,45.629708,11.964400250865523,15.107889336538461,11.0852305,8.091634761904762,22.660063,4,4,1,10.688444802008274,0.5275288595260652,3.098509338465661
2022-04-16,3.102463,17.961118333333335,12.508023428571429,45.629708,11.98786133518423,15.100333085714285,11.266839,9.534390285714286,14.314483,5,4,1,10.855770391979828,0.5660079309118842,-8.319315322891711
2022-04-17,7.438654,13.359003000000001,12.038920571428573,45.629708,11.972613555610424,14.987145632075473,11.0852305,11.073908095238096,3.102463,6,4,1,10.903778204003752,-0.5157775169927955,-2.949346687010957
2022-04-18,7.928502,8.2852,12.225555571428572,45.629708,11.81483850927195,14.916598981308411,10.903622,11.877361857142859,7.438654,0,4,1,10.829379642351377,-0.31004586975993687,-2.5908317725914394
2022-04-19,6.368109,6.156539666666667,12.432901142857144,45.629708,10.9986388253899,14.851894379629629,10.8947185,12.257499857142859,7.928502,1,4,1,10.65124845029064,0.4246045486110751,-4.707743998901715
2022-04-20,11.901544,7.2450883333333325,11.245869,45.629708,10.847752743156375,14.774061486238532,10.885815,12.232459095238095,6.368109,2,4,1,10.420404773776669,-2.042299448007516,3.523438674230846
2022-04-21,12.355086,8.732718333333333,10.530545428571429,45.629708,10.600086267414218,14.74794769090909,10.8947185,11.968108571428571,11.901544,3,4,1,10.217510604549291,-1.6057476755236486,3.7433230709743572
2022-04-22,11.393489,10.208246333333333,9.058405857142857,45.629708,9.430530543832763,14.726390378378378,10.903622,11.403105190476191,12.355086,4,4,1,10.130479054104036,-0.8827040722370687,2.1457140181330328
2022-04-23,13.044504,11.883373,8.641121,34.34431,7.185366937071957,14.696632330357144,11.0852305,10.278273428571428,11.393489,5,4,1,10.198357994103652,-0.23553217888644906,3.081678184782797
2022-04-24,11.429815,12.264359666666666,10.061412571428573,34.34431,6.336942746521264,14.682011725663717,11.266839,9.410024095238096,13.044504,6,4,1,10.387260211470407,0.4437738980868111,0.5987808904427823
2022-04-25,6.676657,11.955936,10.631578428571428,22.660063,4.655221086577945,14.653483684210526,11.330164,9.253646476190477,11.429815,0,4,1,10.615282163672967,2.0056061140295802,-5.9442312777025474
2022-04-26,7.492974,10.383658666666665,10.452743428571429,22.660063,4.4970905370519745,14.584119973913042,11.266839,9.778037333333332,6.676657,1,4,1,10.783243917327903,2.7006219686500064,-5.990891885977909
2022-04-27,9.343421,8.533148666666666,10.61343842857143,22.660063,4.503138753547083,14.522989405172414,11.0852305,10.381911476190476,7.492974,2,4,1,10.83932325642906,-0.5784854110399734,-0.9174168453890861
2022-04-28,11.974092,7.837683999999999,10.247992285714286,22.660063,4.441562792764015,14.478719589743589,10.903622,10.565920095238097,9.343421,3,4,1,10.803627414563076,-1.174854642254025,2.3453192276909487
2022-04-29,11.520842,9.603495666666667,10.19356457142857,22.660063,4.299229110136542,14.45749393220339,11.0852305,10.438058047619048,11.974092,4,4,1,10.703859784439953,0.25417610842210664,0.5628061071379413
2022-04-30,12.990005,10.946118333333333,10.211757857142857,22.660063,4.286071996870417,14.43281618487395,11.266839,10.351665095238094,11.520842,5,4,1,10.588782704064206,-0.27682783649995557,2.67805013243575
2022-05-01,15.929489,12.161646333333332,10.203972285714286,22.660063,4.277904501661886,14.420792758333333,11.330164,10.217771571428571,12.990005,6,5,1,10.527182876966853,0.5034806527747145,4.8988254702584335
2022-05-02,9.778789,13.480112,10.846782857142857,22.660063,4.342205445711612,14.43326132231405,11.393489,10.203098238095237,15.929489,0,5,1,10.540331256691536,-0.9159310443085052,0.15438878761696984
2022-05-03,8.07347,12.899427666666668,11.289944571428572,22.660063,4.334133680180603,14.395109909836066,11.330164,10.420837666666667,9.778789,1,5,1,10.593730128279564,-1.5551121809875783,-0.9651479472919853
2022-05-04,9.86977,11.260582666666666,11.372872571428571,22.660063,4.2783954507125825,14.343714463414635,11.266839,10.780233238095239,8.07347,2,5,1,10.625039586540295,-0.7320975041612569,-0.023172082379037562
2022-05-05,11.502386,9.240676333333333,11.448065285714284,22.660063,4.276558148845251,14.307634266129032,11.0852305,11.169866666666666,9.86977,3,5,1,10.572429653705262,-0.09697134972024064,1.0269276960149778
2022-05-06,8.926174,9.815208666666667,11.380678714285713,22.660063,4.234094308967826,14.285192279999999,11.266839,11.370294142857142,11.502386,4,5,1,10.411260844570714,0.08259169149672978,-1.5676785360674437
2022-05-07,11.411797,10.099443333333333,11.010011857142858,22.660063,4.111260069659542,14.24266038888889,11.0852305,11.400538857142859,8.926174,5,5,1,10.172440836686121,2.0062455641638866,-0.7668894008500082
2022-05-08,7.855745,10.613452333333333,10.784553571428571,22.660063,4.097927752555272,14.220370125984253,11.266839,11.279585285714287,11.411797,6,5,1,9.907040989943033,1.9150045724320541,-3.9663005623750873
2022-05-09,7.365881,9.397905333333332,9.631161571428573,22.660063,3.967223133638692,14.1706464921875,11.0852305,11.058414714285714,7.855745,0,5,1,9.659803425110505,-1.405943888559802,-0.8879785365507029
2022-05-10,12.318801,8.877807666666667,9.286460428571429,22.660063,3.9358551347478348,14.117896372093023,10.903622,10.475242333333332,7.365881,1,5,1,9.483902070381765,-0.8608616782232206,3.6957606078414553
2022-05-11,14.151585,9.180142333333334,9.892936285714285,22.660063,3.8570668041985328,14.104057176923076,11.0852305,9.90072519047619,12.318801,2,5,1,9.423741585149427,1.3628002986757575,3.3650431161748156
2022-05-12,9.760948,11.278755666666669,10.504624142857143,22.660063,3.8169782980083284,14.104419984732825,11.266839,9.60351942857143,14.151585,3,5,1,9.455712537309429,0.4276258327351634,-0.12239037004459163
2022-05-13,8.182296,12.077111333333335,10.255847285714285,22.660063,3.7598061606062134,14.071514893939394,11.0852305,9.89467361904762,9.760948,4,5,1,9.500252502146036,0.9265382334108404,-2.244494735556878
2022-05-14,7.366108,10.698276333333334,10.149579000000001,22.660063,3.610258165758748,14.02723505263158,10.903622,10.217802571428573,8.182296,5,5,1,9.495384129860923,-0.3633722225850066,-1.7659039072759173
2022-05-15,6.168472,8.436450666666667,9.57162342857143,15.929489,2.8420761475513476,13.977525149253731,10.8947185,10.303350142857143,7.366108,6,5,1,9.41862034023478,-1.7762138278226494,-1.4739345124121304
2022-05-16,8.164154,7.238958666666666,9.330584428571429,15.929489,2.8104393583897394,13.919680311111112,10.885815,9.992349904761905,6.168472,0,5,1,9.257729804235275,-0.799076834252668,-0.29449896998260705
2022-05-17,7.039507,7.232911333333334,9.444623428571429,15.929489,2.5335750793235428,13.877360264705882,10.613688499999999,9.683928952380954,8.164154,1,5,1,9.008284019919097,-1.1541943668722245,-0.8145826530468714
2022-05-18,8.109932,7.124044333333333,8.69043857142857,15.929489,2.5482567565596175,13.8274489270073,10.341562,9.448943761904763,7.039507,2,5,1,8.688542672290776,-0.8714355716701467,0.2928248993793723
2022-05-19,16.328515,7.771197666666667,7.827345285714286,15.929489,2.543522326145242,13.786017644927536,10.3323405,9.155215476190477,8.109932,3,5,1,8.336725325286388,2.4654827287732246,5.526306945940387
2022-05-20,16.872799,10.492651333333333,8.765569142857142,16.328515,2.7049563168170963,13.804308992805757,10.341562,8.654135761904763,16.328515,4,5,1,8.004996912790656,1.5381486327052303,7.329653454504115
2022-05-21,6.168651,13.770415333333332,10.007069571428572,16.872799,2.948933103792497,13.82622677857143,10.613688499999999,8.427784333333333,16.872799,5,5,1,7.71105683752729,-2.3199450750242914,0.7775392374969998
2022-05-22,2.75775,13.123321666666667,9.836004285714285,16.872799,3.0261650838435346,13.771917730496455,10.341562,8.866661333333335,6.168651,6,5,1,7.413730542428924,-0.44271660723598705,-4.213263935192937
2022-05-23,5.823763,8.599733333333333,9.348758285714286,16.872799,3.3101026771743314,13.694353169014084,10.3323405,9.536214333333334,2.75775,0,5,1,7.065278202195558,2.249719673794601,-3.4912348759901595
2022-05-24,7.510994,4.916721333333333,9.014416714285714,16.872799,3.3399090484421143,13.639314076923077,10.323119,9.730610714285715,5.823763,1,5,1,6.660754762285774,-0.11200752197074365,0.9622467596849695
2022-05-25,6.458753,5.364169,9.081771999999999,16.872799,3.3470264773564358,13.59675629861111,10.2414775,9.399726428571428,7.510994,2,5,1,6.237797499835316,1.1959745021518664,-0.9750190019871825
2022-05-26,5.297629,6.597836666666666,8.845889285714284,16.872799,3.3537766671957376,13.547528689655172,10.159836,9.148315666666667,6.458753,3,5,1,5.848603643454963,1.009070323118596,-1.5600449665735594
2022-05-27,3.120606,6.4224586666666665,7.270048428571428,16.872799,3.423964407749619,13.49102252739726,10.096319000000001,8.980692666666666,5.297629,4,5,1,5.535965404623428,-1.330654746368834,-1.0847046582545943
2022-05-28,3.320089,4.958996,5.305449428571428,16.872799,3.6168816218617725,13.420475476190477,10.032802,8.399236571428572,3.120606,5,5,1,5.3414278730270395,-1.290003194620642,-0.7313356784063973
2022-05-29,2.84846,3.912774666666666,4.898511999999999,16.872799,3.7387521639218497,13.352229621621621,9.969429,7.140462380952381,3.320089,6,5,1,5.300776476182306,-2.771076793873387,0.3187603176910807
2022-05-30,4.771468,3.096385,4.911470571428572,16.872799,3.870461949121587,13.281734523489934,9.906056,5.824669952380952,2.84846,0,5,1,5.426905138207187,-1.0421930197083171,0.38675588150112983
2022-05-31,5.225163,3.646672333333333,4.761142714285714,16.872799,3.848290573549889,13.224999413333334,9.896939499999998,5.038477333333334,4.771468,1,5,1,5.678065431301634,2.950323029591039,-3.4032254608926724
2022-06-01,4.626329,4.281697,4.434595428571428,16.872799,3.6195507167669407,13.172020364238412,9.887823,4.857041761904761,5.225163,2,6,2,5.969817789661385,2.0160187847498543,-3.3595075744112393
2022-06-02,3.066104,4.87432,4.172820571428572,16.872799,3.6584431699843423,13.115798710526315,9.8787965,4.702402904761905,4.626329,3,6,2,6.251387997560332,-2.150742962793202,-1.0345410347671304
2022-06-03,6.585894,4.305865333333333,3.8540312857142855,16.872799,3.7635984022854223,13.050114431372549,9.86977,4.4561862380952375,3.066104,4,6,2,6.528536598488501,-0.6776570869487383,0.7350144884602363
2022-06-04,11.502386,4.759442333333333,4.349072428571429,16.872799,3.74743051079386,13.008138974025975,9.8242795,4.153815761904761,6.585894,5,6,2,6.812845204548706,1.828486394946685,2.8610544005046084
2022-06-05,5.098061,7.051461333333333,5.517972,16.872799,3.74743051079386,12.998424438709677,9.86977,4.125308095238095,11.502386,6,6,2,7.0892176117712635,-1.0682841824598157,-0.9228724293114476
2022-06-06,10.250828,7.728780333333333,5.8393435714285715,16.872799,3.767139035680067,12.947781083333334,9.8242795,4.573691904761904,5.098061,0,6,2,7.345769933642685,1.4705778895439374,1.434480176813378
2022-06-07,11.86556,8.950425000000001,6.622109285714286,16.872799,3.731461282060951,12.93060303821656,9.86977,5.235462666666666,10.250828,1,6,2,7.578628433619011,3.177157034336182,1.109774532044808
2022-06-08,9.724661,9.071483,7.570737428571428,16.872799,3.816578023558834,12.92386225949367,9.8787965,5.993141619047619,11.86556,2,6,2,7.783586778797417,-1.2035928621448182,3.1446670833474
2022-06-09,8.744811,10.613683,8.29907057142857,16.872799,3.8357467028371834,12.903741496855346,9.86977,6.677396761904761,9.724661,3,6,2,7.95349720182131,-2.1752008776720135,2.9665146758507035
2022-06-10,2.975386,10.111677333333333,9.110314428571428,16.872799,3.7411309009980376,12.877748181250002,9.8242795,7.497305761904762,8.744811,4,6,2,8.07998089533344,-2.4521836633873884,-2.6524112319460524
2022-06-11,5.225059,7.148285999999999,8.594527571428571,16.872799,3.6168929256939584,12.816242826086956,9.778789,8.326707476190476,2.975386,5,6,2,8.151213326315101,-0.48786852300502515,-2.4382858033100767
2022-06-12,11.447917,5.648418666666667,7.697766571428572,16.872799,3.6005355824813328,12.769383666666668,9.769868500000001,8.667970857142857,5.225059,6,6,2,8.165054263378957,1.7203746479152209,1.5624880887058215
2022-06-13,9.688094,6.549454,8.604888857142857,16.872799,3.6846429346573055,12.761276509202455,9.778789,8.46753619047619,11.447917,0,6,2,8.136320303487956,0.49989951011455824,1.0518741863974856
2022-06-14,4.499356,8.787023333333332,8.524498285714285,16.872799,3.713637512758903,12.742537591463416,9.769868500000001,8.299061,9.688094,1,6,2,8.092399476703042,-1.3895503230722208,-2.2034931536308218
2022-06-15,8.037156,8.545122333333333,7.472183428571428,16.872799,3.7424232799549704,12.692578915151515,9.760948,8.275717904761905,4.499356,2,6,2,8.050616530856788,0.3038893420509373,-0.31734987290772576
2022-06-16,8.763097,7.408202,7.231111285714285,16.872799,3.741332355646041,12.664534198795181,9.7428045,8.200523523809524,8.037156,3,6,2,8.02865065312897,1.4292587952224847,-0.6948124483514544
2022-06-17,6.059616,7.099869666666667,7.2337235714285715,16.872799,3.7525339336921375,12.641172299401196,9.724661,7.742597666666667,8.763097,4,6,2,8.061742624679367,-1.9300320307260028,-0.0720945939533637
2022-06-18,9.652107,7.619956333333334,7.674327857142857,16.872799,3.754509740955816,12.601996369047619,9.706377499999999,7.312339428571428,6.059616,5,6,2,8.163712222341367,1.5556514612674683,-0.06725668360883397
2022-06-19,14.859138,8.158273333333334,8.306763285714286,16.872799,3.370239767485849,12.584541402366863,9.688094,7.379720904761904,9.652107,6,6,2,8.323269263576657,4.267183724419943,2.2686850120034006
2022-06-20,7.656162,10.190287,8.794080571428571,14.859138,3.180141343514624,12.597921382352942,9.706377499999999,7.738271571428571,14.859138,0,6,2,8.511070963395143,-1.5283174367233163,0.6734084733281733
2022-06-21,2.794041,10.722469000000002,8.50380457142857,14.859138,3.180492702985384,12.569022204678362,9.688094,8.258390571428572,7.656162,1,6,2,8.71035579221959,-2.7164121543634665,-3.1999026378561233
2022-06-22,5.116203,8.436447000000001,8.260188142857142,14.859138,3.178863290664043,12.51219091860465,9.688094,8.53488280952381,2.794041,2,6,2,8.91996475460552,-0.8361594811345862,-2.967602273470934
2022-06-23,10.722255,5.188802,7.842909142857144,14.859138,3.1898571142208554,12.469439543352602,9.688094,8.519357761904763,5.116203,3,6,2,9.11823899074567,-0.16617937501054594,1.770195384264877
2022-06-24,9.633964,6.210833000000001,8.122788857142856,14.859138,3.2643199626725576,12.459398252873564,9.688094,8.20230061904762,10.722255,4,6,2,9.291203719122395,0.8429306475002677,-0.5001703666226618
2022-06-25,8.509079,8.490807333333334,8.63341,14.859138,3.297470329159369,12.443252914285715,9.688094,8.075295380952381,9.633964,5,6,2,9.456196634919223,-0.5184262113038844,-0.42869142361533896
2022-06-26,12.427814,9.621766000000001,8.470120285714286,14.859138,3.2888587531523723,12.420899653409093,9.6701005,8.199702666666667,8.509079,6,6,2,9.625077131254669,-0.4873917888015603,3.290128657546891
2022-06-27,11.683896,10.190285666666668,8.122788285714284,14.859138,3.32825355578074,12.420938717514122,9.688094,8.408773047619048,12.427814,0,6,2,9.784687543584116,1.5885562145627667,0.3106522418531181
2022-06-28,10.994514,10.873596333333333,8.698178857142858,14.859138,3.314306553047425,12.416798028089886,9.688094,8.408772857142859,11.683896,1,6,2,9.90567879172706,1.119960245493253,-0.031125037220313345
2022-06-29,7.329795,11.702074666666668,9.869674999999999,14.859138,3.227023940421856,12.408852307262569,9.688094,8.430362476190478,10.994514,2,6,2,9.96063740698672,-1.7935282777567625,-0.8373141292299575
2022-06-30,12.899761,10.002735000000001,10.185902428571428,14.859138,3.170054632919447,12.380635322222222,9.688094,8.896880714285716,7.329795,3,6,2,9.931570931633882,0.26147097201658426,2.7067190963495342
2022-07-01,15.693318,10.408023333333334,10.496974714285715,14.859138,3.2341661330602287,12.383503419889504,9.688094,9.58458542857143,12.899761,4,7,2,9.794415137086482,3.320011092830751,2.578891770082766
2022-07-02,3.211234,11.974291333333333,11.362596714285715,15.693318,3.4133634278060065,12.401689214285716,9.706377499999999,10.184184047619047,15.693318,5,7,2,9.540230929883553,-1.6304918585696222,-4.69850507131393
2022-07-03,6.241212,10.601437666666667,10.605761714285716,15.693318,3.405073628688878,12.351468147540984,9.688094,10.68182461904762,3.211234,6,7,2,9.186699233764307,-3.2780728901392586,0.3325856563749525
2022-07-04,16.546019,8.381921333333333,9.72196142857143,15.693318,3.4133329888564856,12.318260233695652,9.688094,10.821777714285716,6.241212,0,7,2,8.77541110747946,0.1479701719776951,7.622637720542848
2022-07-05,9.67025,8.666155000000002,10.416550428571428,16.546019,3.6669896992293616,12.341112983783782,9.688094,10.563439952380955,16.546019,1,7,2,8.35850487389201,0.053503395977163255,1.2582417301308269
2022-07-06,7.710786,10.819160333333334,10.227369857142858,16.546019,3.595916136248918,12.326753505376344,9.688094,10.24809119047619,9.67025,2,7,2,7.973205370203808,0.39514614151935823,-0.6575655117231669
2022-07-07,4.898555,11.309018333333334,10.281797142857142,16.546019,3.5977246928771107,12.302069187165776,9.688094,10.121960571428572,7.710786,3,7,2,7.627046182342391,-0.713261110929982,-2.015230071412409
2022-07-08,6.059693,7.426530333333335,9.138767714285715,16.546019,3.631922919227251,12.262688792553194,9.679172,10.308572476190477,4.898555,4,7,2,7.3128985784157905,0.6577851135843301,-1.9109906920001203
2022-07-09,9.652124,6.223011333333335,7.762535571428572,16.546019,3.660595103854074,12.229868708994708,9.67025,9.882644904761905,6.059693,5,7,2,7.042620120003218,2.0341425602580965,0.5753613197386853
2022-07-10,5.442927,6.8701240000000015,8.682662714285714,16.546019,3.6650794902971073,12.216301631578949,9.661187,9.061033476190477,9.652124,6,7,2,6.84536320537668,1.4981866133423505,-2.9006228187190306
2022-07-11,4.263503,7.051581333333335,8.568622,16.546019,3.5585841259666173,12.180838937172776,9.652124,8.527988666666667,5.442927,0,7,2,6.741272248641089,-0.12220172279368713,-2.3555675258474027
2022-07-12,2.884657,6.452851333333335,6.813976857142857,16.546019,3.5957580804223355,12.1396028125,9.6521155,8.337940095238096,4.263503,1,7,2,6.734383740537599,-0.5085036373726092,-3.3412231031649897
2022-07-13,5.370199,4.1970290000000015,5.844606428571429,16.546019,3.711315102691976,12.091649725388601,9.652107,8.021753857142858,2.884657,2,7,2,6.835184632946731,1.3470861375432894,-2.8120717704900207
2022-07-14,8.109726,4.172786333333335,5.510236857142857,16.546019,3.7453494717499862,12.057003072164948,9.6430355,7.0757350952380955,5.370199,3,7,2,7.060957013573371,-1.9048044754907238,2.9535734619173537
2022-07-15,4.953055,5.454860666666669,5.9689755714285715,16.546019,3.6760664678355877,12.036760625641026,9.633964,6.0562733809523825,8.109726,4,7,2,7.382144046136233,-3.2796499741679455,0.8505609280317117
2022-07-16,6.077924,6.144326666666668,5.810884428571428,16.546019,3.7301509611602013,12.000619270408164,9.5976865,5.774606285714286,4.953055,5,7,2,7.732410974918892,0.8932095030965264,-2.5476964780154177
2022-07-17,6.712919,6.380235000000002,5.300284428571429,16.546019,3.7514794813727543,11.970554827411169,9.561409,5.763365619047621,6.077924,6,7,2,8.069451604414882,-0.49172826126524144,-0.8648043431496397
2022-07-18,8.581526,5.914632666666669,5.481711857142857,16.546019,3.740280998622913,11.944001111111112,9.452414999999998,5.693381476190477,6.712919,0,7,2,8.370091108255453,-0.17901673857888872,0.39045163032343666
2022-07-19,10.522706,7.124123000000002,6.098572285714285,16.546019,3.7316304798227327,11.927104251256281,9.343421,5.53096023809524,8.581526,1,7,2,8.625197969757828,-1.2164172303127108,3.1139252605548826
2022-07-20,11.484243,8.605717,7.189722142857144,16.546019,3.5450553778447564,11.92008226,9.452414999999998,5.626856190476192,10.522706,2,7,2,8.83584200922918,0.7468847714085786,1.9015162193622395
2022-07-21,12.645321,10.196158333333335,8.063157,16.546019,3.597813380343435,11.917913905472638,9.561409,6.256668761904763,11.484243,3,7,2,8.994135159484836,1.7470617354708096,1.9041241050443531
2022-07-22,14.114915,11.550756666666667,8.711099142857142,16.546019,3.535802911929932,11.92151493069307,9.5976865,7.117150476190477,12.645321,4,7,2,9.093549638318084,1.9944251131841237,3.0269402484977928
2022-07-23,12.173661,12.748159666666668,10.019936285714286,16.546019,3.6165506002576207,11.932319857142856,9.633964,7.987992761904763,14.114915,5,7,2,9.132410896701936,1.9969094264115161,1.0443406768865469
2022-07-24,6.331927,12.977965666666668,10.890755857142858,16.546019,3.65220113022208,11.933502901960784,9.6430355,8.931397476190478,12.173661,6,7,2,9.111484719146034,-0.20411398115248916,-2.5754437379935444
2022-07-25,8.037389,10.873501000000003,10.836328428571429,16.546019,3.678461280623702,11.906178141463414,9.633964,9.873930428571429,6.331927,0,7,2,9.039909329253625,0.08830683958058233,-1.090827168834208
2022-07-26,8.436292,8.847659000000002,10.75859457142857,16.546019,3.6806367774223676,11.887397611650485,9.5976865,10.582340190476192,8.037389,1,7,2,8.931612129356006,-1.1362940781451523,0.6409739487891457
2022-07-27,5.22504,7.601869333333336,10.46053542857143,16.546019,3.6149429896553653,11.870725603864734,9.561409,10.828559619047622,8.436292,2,7,2,8.812823293032306,-1.9645808854867868,-1.6232024075455191
2022-07-28,7.14817,7.232907000000002,9.566363571428571,16.546019,3.6187825400604154,11.838775192307692,9.452414999999998,10.685152809523812,5.22504,3,7,2,8.704624769476553,-0.15951219283426551,-1.396942576642287
2022-07-29,7.873873,6.936500666666668,8.781056285714286,16.546019,3.5920651078201167,11.816332105263157,9.343421,10.26183119047619,7.14817,4,7,2,8.613903240212137,-2.294761838916821,1.5547315987046844
2022-07-30,8.744954,6.7490276666666675,7.889478857142858,16.546019,3.588468871101039,11.79755849047619,9.325278,9.602651761904765,7.873873,5,7,2,8.547322728616944,-0.7412700825859094,0.9389013539689657
2022-07-31,5.406631,7.922332333333334,7.3996635714285715,16.546019,3.483425908127941,11.783091170616114,9.307135,8.745632904761907,8.744954,6,7,2,8.520729001671604,-1.5522904874927244,-1.5618075141788799
2022-08-01,8.45465,7.341819333333334,7.267478428571429,16.546019,3.2120936008853036,11.753013528301887,9.234565,8.023399571428573,5.406631,0,8,2,8.539442713635937,0.5763238337032103,-0.6611165473391463
2022-08-02,7.275393,7.535411666666668,7.327087142857144,16.546019,3.09325401875713,11.737528253521127,9.161995,7.51887361904762,8.45465,1,8,2,8.594461141066178,1.1355662245620786,-2.454634365628257
2022-08-03,11.24839,7.045558000000002,7.161244428571429,16.546019,3.078792780877671,11.716677154205607,9.0440845,7.331409714285717,7.275393,2,8,2,8.674970995975379,2.4767987363710784,0.09662026765354348
2022-08-04,15.511892,8.992811000000001,8.021723,14.114915,2.702220124242294,11.714499074418606,9.161995,7.251936666666668,11.24839,3,8,2,8.78345639146038,3.734850543288625,2.993585065250995
2022-08-05,12.75457,11.345225000000001,9.21654042857143,15.511892,3.028640080539672,11.732079597222222,9.234565,7.503351523809526,15.511892,4,8,2,8.934462787158944,0.6583202184240037,3.161786994417051
2022-08-06,7.493069,13.171617333333336,9.913782857142857,15.511892,3.1471196328945625,11.736791534562212,9.307135,8.133169285714287,12.75457,5,8,2,9.12058583289338,0.1618181969281155,-1.789335029821495
2022-08-07,5.38841,11.919843666666667,9.734942142857145,15.511892,3.0879838784963902,11.717324917431192,9.234565,9.050682095238097,7.493069,6,8,2,9.321285192419767,-0.4785152165152829,-3.4543599759044836
2022-08-08,6.16855,8.545349666666668,9.732339142857143,15.511892,3.1071478281939724,11.688425762557078,9.161995,9.621755142857143,5.38841,0,8,2,9.541982241978848,-0.34836537040527593,-3.025066871573573
2022-08-09,11.158001,6.350009666666668,9.405753428571428,15.511892,3.1190686184015104,11.663335418181818,9.0440845,9.793688047619051,6.16855,1,8,2,9.808655627917464,-1.529235307087568,2.8785806791701045
2022-08-10,5.860218,7.571653666666667,9.960411714285714,15.511892,3.121847215855116,11.661048837104072,9.161995,9.624344904761907,11.158001,2,8,2,10.13636440138353,-3.938820673586744,-0.33732572779678627
2022-08-11,7.78316,7.728923000000002,9.190672857142857,15.511892,3.0627971017192728,11.634918968468467,9.0440845,9.699501428571429,5.860218,3,8,2,10.525973302503349,-1.0824988561165523,-1.6603144463867974
2022-08-12,9.089392,8.267126333333335,8.086568285714284,15.511892,2.8836894166347653,11.617646506726457,8.926174,9.518946,7.78316,4,8,2,10.941443005956287,-2.3295258014314286,0.4774747954751408
2022-08-13,11.647526,7.577590000000001,7.562971428571429,15.511892,2.8207203396780196,11.606359656250001,9.007783,9.07921761904762,9.089392,5,8,2,11.337600794252849,0.40266768501097305,-0.09274247926382273
2022-08-14,13.262214,9.506692666666668,8.156465285714287,15.511892,2.869067591137508,11.606542617777777,9.089392,8.280070857142858,11.647526,6,8,2,11.688750710018763,0.6270505428449039,0.9464127471363337
2022-08-15,13.17186,11.333044000000001,9.281294428571428,15.511892,2.8849048892787588,11.613868597345133,9.1256935,7.935335000000001,13.262214,0,8,2,11.96635957831998,2.873200279542902,-1.66769985786288
2022-08-16,14.85876,12.69386666666667,10.281767285714285,15.511892,2.9202639534395223,11.620731995594713,9.161995,8.333577047619048,13.17186,1,8,2,12.13525576256865,4.735940434343059,-2.0124361969117093
2022-08-17,14.968023,13.764278000000003,10.810447142857143,15.511892,3.0451852326200837,11.634933872807018,9.234565,9.239842333333334,14.85876,2,8,2,12.174026999877391,1.5838993407611703,1.2100966593614384
2022-08-18,17.652619,14.332881000000002,12.111562142857142,15.511892,3.1915997370258222,11.649488847161573,9.307135,10.124502952380954,14.968023,3,8,2,12.105522744707388,-0.012215636531094719,5.559311891823709
2022-08-19,15.548488,15.826467333333335,13.521484857142857,17.652619,3.4974673518048385,11.675589413043479,9.325278,11.067925523809524,17.652619,4,8,2,11.972539994101027,-0.8406739061104258,4.416621912009401
2022-08-20,20.10218,16.05637666666667,14.444212857142858,17.652619,3.6312685947504053,11.692355207792207,9.343421,12.147831380952383,15.548488,5,8,2,11.787658321906733,0.6857832232113434,7.628738454881926
2022-08-21,7.311467,17.767762333333337,15.65202057142857,20.10218,4.03817563079987,11.728604452586206,9.452414999999998,13.35908661904762,20.10218,6,8,2,11.524592384080517,-1.6350350503951625,-2.5780903336853545
2022-08-22,3.447087,14.32071166666667,14.801913857142859,20.10218,4.015050675222407,11.709646781115879,9.343421,14.539239428571431,7.311467,0,8,2,11.1589296208864,-4.369199260053592,-3.3426433608328088
2022-08-23,9.506669,10.286911333333338,13.412660571428573,20.10218,4.180071214278996,11.674336696581197,9.325278,14.966049095238096,3.447087,1,8,2,10.676093390520004,-1.1544563864222992,-0.014968004097704934
2022-08-24,6.259185,6.755074333333336,12.648076142857144,20.10218,4.126149697143592,11.665112578723404,9.343421,14.622198333333339,9.506669,2,8,2,10.089260529469392,-2.592535769941601,-1.2375397595277917
2022-08-25,9.325278,6.40431366666667,11.40395642857143,20.10218,4.16813899648341,11.642206105932203,9.325278,13.620883523809526,6.259185,3,8,2,9.440041712581293,-0.040396958223466874,-0.07436675435782547
2022-08-26,8.200662,8.36371066666667,10.214336285714285,20.10218,4.160095759512339,11.632430037974682,9.325278,12.48823104761905,9.325278,4,8,2,8.790405535069203,0.6262654863979674,-1.2160090214671708
2022-08-27,11.357575,7.928375000000003,9.164646857142857,20.10218,4.077262501046099,11.618010844537816,9.3162065,11.422122952380956,8.200662,5,8,2,8.218487342412013,2.419012322317718,0.7200753352702698
2022-08-28,13.879062,9.627838333333335,7.915417571428572,20.10218,4.044928010497516,11.616921154811715,9.325278,10.26097985714286,11.357575,6,8,2,7.798459194965456,3.9746202491478724,2.105982555886672
2022-08-29,7.366095,11.145766333333334,8.85364542857143,20.10218,4.072920682925099,11.626346741666667,9.3343495,9.098133571428574,13.879062,0,8,2,7.570936195158172,1.1393454859842287,-1.3441866811424008
2022-08-30,3.991364,10.867577333333335,9.413503714285714,20.10218,4.100255136894644,11.608669348547718,9.325278,8.644569952380953,7.366095,1,8,2,7.529271481309941,-0.3368913177115137,-3.2010161635984273
2022-08-31,5.51532,8.41217366666667,8.625603,20.10218,4.167069438007913,11.577192880165288,9.3162065,8.72752223809524,3.991364,2,8,2,7.626185797068488,-0.7362087787813588,-1.3746570182871292
2022-09-01,4.608211,5.62425966666667,8.519336571428571,20.10218,4.2465952639935844,11.552246901234566,9.307135,8.964250714285717,5.51532,3,9,3,7.798170853386855,3.00654505246816,-6.196504905855015
2022-09-02,5.551625,4.704965000000002,7.845469857142858,20.10218,4.3376747797334065,11.523787737704918,9.234565,8.852814428571431,4.608211,4,9,3,8.008758925012588,-0.7307912642490645,-1.7263426607635237
2022-09-03,4.39062,5.225052000000002,7.467036,20.10218,4.411894190751769,11.499411563265307,9.161995,8.330136476190479,5.551625,5,9,3,8.238555349308257,-3.5645918871673223,-0.28334346214093387
2022-09-04,8.019232,4.850152000000002,6.471756714285713,20.10218,4.396337265124455,11.470514036585367,9.1256935,7.943947476190478,4.39062,6,9,3,8.468919520119798,-1.0286720175494983,0.5789844974297012
2022-09-05,6.83992,5.987159000000002,5.634638142857143,20.10218,4.363583232892271,11.456541234817813,9.089392,7.26142085714286,8.019232,0,9,3,8.691901093209639,-2.4727090899749187,0.6207279967652806
2022-09-06,10.141804,6.416590666666669,5.559470285714285,20.10218,4.375191446817726,11.437925826612904,9.007783,6.524476952380954,6.83992,1,9,3,8.917763116721085,-0.022351266110782503,1.2463921493896972
2022-09-07,12.373251,8.333652000000003,6.438104571428572,20.10218,4.310206289599568,11.432720518072289,9.089392,5.888621714285717,10.141804,2,9,3,9.153628053251559,0.6514054608246422,2.568217485923798
2022-09-08,15.185326,9.784991666666668,7.417808999999999,20.10218,4.290375305745032,11.43648264,9.1256935,5.8774043333333355,12.373251,3,9,3,9.376320580691388,1.0628369528488029,4.7461684664598085
2022-09-09,13.352879,12.566793666666669,8.928825428571429,20.10218,4.3968936081388295,11.451418270916333,9.161995,6.471794619047621,15.185326,4,9,3,9.529219990468084,2.102359663423488,1.7212993461084274
2022-09-10,10.994394,13.637152000000002,10.043290285714287,20.10218,4.371820970798603,11.458963749999999,9.234565,7.594913000000003,13.352879,5,9,3,9.563891405738373,-0.4738175944925216,1.9043201887541485
2022-09-11,7.674305,13.177533000000002,10.986686571428573,20.10218,4.350960223636757,11.457127505928854,9.307135,8.796641571428575,10.994394,6,9,3,9.45801518677655,-1.3612868112541527,-0.4224233755223956
2022-09-12,6.477083,10.673859333333334,10.937411285714287,20.10218,4.371753684202317,11.442234503937009,9.234565,9.986267428571429,7.674305,0,9,3,9.230548801158209,-1.0927460078010434,-1.6607197933571651
2022-09-13,12.191958,8.381927333333335,10.885577428571427,20.10218,4.415106215612487,11.422763321568628,9.161995,10.655796047619049,6.477083,1,9,3,8.942997500231941,4.199574293895415,-0.9506137941273565
2022-09-14,8.599575,8.781115333333336,11.17845657142857,20.10218,4.392474993944877,11.42576798828125,9.234565,10.93655842857143,12.191958,2,9,3,8.662377000895752,2.136107431062221,-2.198909431957974
2022-09-15,8.254867,9.08953866666667,10.63936,20.10218,4.35812696988747,11.41477112840467,9.161995,11.000481761904766,8.599575,3,9,3,8.460487360898195,-2.5489045819114695,2.343284221013274
2022-09-16,8.019232,9.682133333333335,9.649294428571428,20.10218,4.262472836620127,11.402523437984497,9.1256935,10.901131333333337,8.254867,4,9,3,8.422623639696159,-1.5624873618180644,1.159095722121906
2022-09-17,6.132153,8.29122466666667,8.887344857142857,20.10218,4.150065845118632,11.389460536679538,9.089392,10.489037000000001,8.019232,5,9,3,8.595596077948054,-2.4937267136377312,0.030283635689677624
2022-09-18,4.971162,7.4687506666666685,8.192739,20.10218,3.8850859432968226,11.369240123076924,9.007783,9.725333095238097,6.132153,6,9,3,8.965365496660013,1.029762443066529,-5.023965939726542
2022-09-19,6.458718,6.374182333333336,7.806575714285715,20.10218,3.7498385746476095,11.344726413793104,8.926174,8.909792761904765,4.971162,0,9,3,9.46804701613585,1.519800744089487,-4.529129760225337
2022-09-20,4.717084,5.8540110000000025,7.803952142857143,15.185326,3.0833961688589078,11.326077526717556,8.87185,8.295553190476193,6.458718,1,9,3,10.034844519815199,0.6438588183143419,-5.961619338129541
2022-09-21,9.488768,5.382321333333336,6.7361130000000005,15.185326,3.1453193668452792,11.300948273764257,8.817526,7.934422285714288,4.717084,2,9,3,10.62973427023702,0.47886339953496393,-1.619829669771983
2022-09-22,8.636096,6.8881900000000025,6.863140571428572,15.185326,3.0265345177496457,11.294083954545455,8.87185,7.448880285714289,9.488768,3,9,3,11.229654979559706,-1.6201070045527528,-0.9734519750069541
2022-09-23,10.595527,7.6139826666666695,6.917601857142857,15.185326,3.019008856027972,11.284053811320755,8.817526,7.134401904761908,8.636096,4,9,3,11.803787963265602,-1.3843515776133817,0.17609061434778006
2022-09-24,12.772504,9.573463666666669,7.2856440000000005,15.185326,3.0217807306122855,11.281465364661655,8.87185,6.838951809523812,10.595527,5,9,3,12.317391736746824,-1.1566986503372687,1.6118109135904444
2022-09-25,25.508492,10.668042333333338,8.23426557142857,15.185326,3.1203961003762437,11.287049779026217,8.926174,7.022128809523813,12.772504,6,9,3,12.753133495202952,3.215707296263541,9.539651208533506
2022-09-26,22.133928,16.292174333333335,11.168169857142857,25.508492,4.392613370952281,11.340114861940298,9.007783,7.479170476190478,25.508492,0,9,3,13.108051889351147,3.566791315776224,5.459084794872629
2022-09-27,12.863031,20.138308000000006,13.40748557142857,25.508492,4.981716946241351,11.380240561338288,9.089392,8.896026476190478,22.133928,1,9,3,13.355247435114443,-2.4954627307480877,2.0032462956336445
2022-09-28,10.649685,20.16848366666667,14.571192285714286,25.508492,4.954260413313195,11.385732377777778,9.1256935,10.936640333333335,12.863031,2,9,3,13.47353860429304,-1.8637650738215676,-0.9600885304714719
2022-09-29,11.339103,15.215548000000004,14.737037571428571,25.508492,4.942644608555258,11.383016335793357,9.161995,13.048949238095242,10.649685,3,9,3,13.477566545763944,-2.6548670602883386,0.516403514524395
2022-09-30,19.068077,11.617273000000003,15.12318142857143,25.508492,4.837594389900439,11.382854889705882,9.234565,14.238571809523814,11.339103,4,9,3,13.384220553513083,1.5535827881090525,4.130273658377861
2022-10-01,17.290366,13.685621666666668,16.333545714285716,25.508492,5.0503382899930775,11.411005886446887,9.307135,14.810470428571433,19.068077,5,10,3,13.21417665594724,1.4700622789623918,2.6061270650903676
2022-10-02,10.486478,15.899182000000001,16.97895457142857,25.508492,5.090956503558908,11.43246340510949,9.3162065,15.397921571428574,17.290366,6,10,3,13.005869629722746,0.11547168650550622,-2.6348633162282518
2022-10-03,6.658418,15.61497366666667,14.832952571428573,25.508492,4.998093112803533,11.429023458181819,9.325278,16.145227238095238,10.486478,0,10,3,12.814699627298078,0.5700185967048366,-6.726300224002914
2022-10-04,7.51124,11.47842066666667,12.62216542857143,25.508492,4.9133963807364545,11.411738655797102,9.3162065,16.048484285714288,6.658418,1,10,3,12.720999056371921,-0.6365663268574917,-4.57319272951443
2022-10-05,10.287133,8.218712000000002,11.857623857142856,25.508492,4.924635399014382,11.397657433212997,9.307135,14.811357523809528,7.51124,2,10,3,12.815708095614207,-0.2943761560958419,-2.2341989395183646
2022-10-06,10.214264,8.15226366666667,11.805830714285715,25.508492,4.866194618114739,11.393662741007194,9.3162065,13.104247285714289,10.287133,3,10,3,13.131290811130146,0.11760252984157396,-3.034629340971721
2022-10-07,12.953744,9.337545666666669,11.645139428571428,25.508492,4.865757676620406,11.389435505376344,9.325278,12.09520666666667,10.214264,4,10,3,13.613071253307812,1.4484191813660308,-2.1077464346738424
2022-10-08,22.696348,11.151713666666668,10.771663285714286,25.508492,4.872432562945273,11.39502232142857,9.3343495,11.769531333333335,12.953744,5,10,3,14.21263658037769,2.517253351789712,5.966458067832598
2022-10-09,8.436292,15.28811866666667,11.543946428571429,25.508492,5.269105055473408,11.435240562277581,9.343421,11.407544476190479,22.696348,6,10,3,14.891798428367954,-3.017070856491154,-3.4384355718768003
2022-10-10,10.250828,14.695461333333336,11.251062714285712,25.508492,5.2794991089021766,11.424605992907802,9.3343495,11.320249714285717,8.436292,0,10,3,15.571201629471693,-1.8913634858245594,-3.429010143647133
2022-10-11,11.88338,13.794489333333336,11.764264142857144,25.508492,5.281931671063786,11.420458367491165,9.343421,11.188890809523812,10.250828,1,10,3,16.15499073594641,-2.329154854166697,-1.9424558817797113
2022-10-12,20.211367,10.19016666666667,12.38885557142857,25.508492,5.2432505228785065,11.422088373239436,9.4160945,11.519757761904765,11.88338,2,10,3,16.59500959500647,1.7067832608454234,1.909574144148106
2022-10-13,21.988668,14.115191666666668,13.806603285714285,25.508492,5.408979093292251,11.452927947368421,9.488768,11.801394142857145,20.211367,3,10,3,16.903726215710776,0.5096847420148387,4.575257042274387
2022-10-14,26.543101,18.027805,15.488660999999999,25.508492,5.725584804879806,11.489766199300698,9.497718500000001,12.653241000000003,21.988668,4,10,3,17.118803407331143,-0.28599469017555607,9.710292282844414
2022-10-15,24.492328,22.914378666666668,17.429997714285715,26.543101,6.265961956144208,11.542216843205575,9.506669,13.894706619047623,26.543101,5,10,3,17.271967603510202,1.3031164935608932,5.917243902928906
2022-10-16,17.761635,24.341365666666672,17.686566285714285,26.543101,6.568631495144266,11.587182506944444,9.534039,15.575087333333334,24.492328,6,10,3,17.35157484558476,2.45564244767355,-2.045582293258313
2022-10-17,20.864403,22.93235466666667,19.01875814285714,26.543101,6.545720512978292,11.608547394463669,9.561409,16.86840833333334,17.761635,0,10,3,17.325559551977662,0.25137481056852495,3.287468637453813
2022-10-18,20.392242,21.039455333333336,20.53498314285714,26.543101,6.5265028840906645,11.640464137931033,9.5976865,18.04510738095238,20.864403,1,10,3,17.21327212939515,0.4583797429487644,2.7205901276560844
2022-10-19,8.654035,19.67276,21.75053485714286,26.543101,6.397605046078364,11.670538975945018,9.633964,19.080102523809526,20.392242,2,10,3,17.048285851650107,-0.8046259469588019,-7.589624904691304
2022-10-20,7.093949,16.636893333333337,20.09948742857143,26.543101,6.314409285901945,11.660208482876714,9.5976865,20.434758714285717,8.654035,3,10,3,16.82773407045657,0.9232038223028864,-10.656988892759458
2022-10-21,13.752064,12.046742000000002,17.97167042857143,26.543101,6.200291583375253,11.644623979522185,9.561409,20.795001809523814,7.093949,4,10,3,16.60102677037238,-2.7328494745365304,-0.11611329583584862
2022-10-22,20.918301,9.833349333333336,16.14437942857143,26.543101,6.126153377877204,11.651792142857143,9.5976865,19.94056423809524,13.752064,5,10,3,16.45530328677162,-0.8176115846761832,5.280609297904562
2022-10-23,15.130899,13.921438000000002,15.633804142857143,26.543101,6.1104309016865015,11.683204037288137,9.633964,18.071845761904765,20.918301,6,10,3,16.462374439823638,-2.443399109472867,1.1119236696492294
2022-10-24,15.602605,16.600421333333333,15.257984714285714,26.543101,6.0481391842432455,11.694851655405405,9.6430355,16.583284666666668,15.130899,0,10,3,16.61912356279131,-0.19466330165599183,-0.8218552611353171
2022-10-25,11.39384,17.217268333333337,14.506299285714286,26.543101,6.028424596073974,11.708009074074074,9.652107,15.678722761904766,15.602605,1,10,3,16.85553717847347,-1.3919436333288688,-4.0697535451446
2022-10-26,9.307389,14.042448000000002,13.220813285714286,26.543101,5.761590823784654,11.706954815436243,9.6521155,15.13269604761905,11.39384,2,10,3,17.11416694678904,-0.14444929233235904,-7.662328654456681
2022-10-27,21.535771,12.101278000000002,13.314149571428572,26.543101,5.688166399176233,11.698929511705686,9.652107,14.328365761904763,9.307389,3,10,3,17.368975314372346,1.6948606552868595,2.471935030340795
2022-10-28,30.643125,14.079000000000002,15.377267000000002,26.543101,5.8180365270457735,11.731718983333334,9.6521155,13.680420714285717,21.535771,4,10,3,17.620505759193346,5.9059391382901305,7.116680102516526
2022-10-29,18.305881,20.495428333333336,17.790275714285716,30.643125,6.433394797124848,11.794547574750831,9.652124,13.970743285714287,30.643125,5,10,3,17.847969811660537,1.1588063838998914,-0.7008951955604275
2022-10-30,21.390083,23.49492566666667,17.41707285714286,30.643125,6.403239153415716,11.816108281456954,9.661187,15.493897428571431,18.305881,6,10,3,18.01119282972981,0.1418545500719552,3.2370356201982347
2022-10-31,20.501023,23.446363000000005,18.311242,30.643125,6.458596128970249,11.847705557755775,9.67025,16.861538523809525,21.390083,0,10,3,18.11004378204751,-0.6306475626901983,3.0216267806426913
2022-11-01,21.335656,20.065662333333336,19.011016,30.643125,6.510167390775986,11.876170417763158,9.679172,17.839530190476193,20.501023,1,11,3,18.151388883481808,-0.7253347037277051,3.9096018202458964
2022-11-02,15.747746,21.075587333333335,20.43127542857143,30.643125,6.498753536717106,11.907185124590164,9.688094,18.24644361904762,21.335656,2,11,3,18.08527954099961,-0.8147558156638225,-1.5227777253357893
2022-11-03,10.940284,19.194808333333334,21.35132642857143,30.643125,6.240984853674598,11.919735977124184,9.688094,19.251177809523814,15.747746,3,11,3,17.841821618815594,2.328291063151288,-9.229828681966882
2022-11-04,18.269794,16.007895333333334,19.83768542857143,30.643125,6.098692963248343,11.91654557980456,9.688094,20.26453928571429,10.940284,4,11,3,17.424734462377085,-3.185137904260303,4.030197441883221
2022-11-05,16.111065,14.985941333333336,18.070066714285712,30.643125,5.9819307611098775,11.93717300974026,9.706377499999999,20.540095761904762,18.269794,5,11,3,16.930620631257597,-3.546383244037353,2.7268276127797577
2022-11-06,13.951632,15.107047666666668,17.75652157142857,30.643125,5.8475354204357535,11.950680750809061,9.724661,19.753026190476195,16.111065,6,11,3,16.49391385588681,-4.135427703603543,1.593145847716734
2022-11-07,18.360208,16.110830333333336,16.693885714285717,30.643125,5.82551997852668,11.957135432258065,9.7428045,18.554757904761907,13.951632,0,11,3,16.1805288110773,-2.5400711446002195,4.719750333522921
2022-11-08,14.71362,16.140968333333337,16.388055,30.643125,5.7376670646875745,11.977724090032154,9.760948,17.506824666666667,18.360208,1,11,3,15.976679809361247,-0.3086310871827085,-0.9544287221785375
2022-11-09,21.86179,15.675153333333334,15.442049857142857,30.643125,5.522806214842264,11.986492987179487,9.769868500000001,16.946154095238096,14.71362,2,11,3,15.84812476185329,8.595293397289687,-2.581628159142978
2022-11-10,14.623305,18.31187266666667,16.315484714285713,30.643125,5.419960863550161,12.018043456869009,9.778789,16.174663523809524,21.86179,3,11,3,15.791654694818195,2.234739798368587,-3.4030894931867817
2022-11-11,9.488819,17.066238333333335,16.84163057142857,30.643125,5.341868440138135,12.026340468152867,9.8242795,16.04852985714286,14.623305,4,11,3,15.798213099693282,-0.14964258027888622,-6.159751519414396
2022-11-12,14.532563,15.324638000000002,15.587205571428571,30.643125,5.5267827335934525,12.018284844444445,9.778789,16.199721714285715,9.488819,5,11,3,15.859770476414582,5.986875639543419,-7.314083115958001
2022-11-13,14.042498,12.881562333333335,15.361705285714285,30.643125,5.480266414206331,12.026241420886075,9.8242795,16.248106952380954,14.532563,6,11,3,15.995382385236063,-1.3533896192511128,-0.5994947659849501
2022-11-14,20.011285,12.687960000000002,15.374686142857144,30.643125,5.209241183841275,12.032601851735015,9.86977,15.930180476190477,14.042498,0,11,3,16.2764607680847,-0.48506205552242926,4.219886287437731
2022-11-15,29.862661,16.195448666666667,15.610554285714286,30.643125,5.040317392978359,12.057692050314465,9.8787965,15.441199000000003,20.011285,1,11,3,16.781573165012645,3.1641868029251574,9.916901032062196
2022-11-16,7.855702,21.305481333333336,17.774703,30.643125,5.5925502497306265,12.113507,9.887823,15.448981904761906,29.862661,2,11,3,17.5369195154964,-3.578022137545146,-6.103195377951254
2022-11-17,6.694606,19.243216,15.773833285714286,30.643125,5.7819337438405505,12.100201359375001,9.8787965,16.25331447619048,7.855702,3,11,3,18.50428066840534,-6.532173495235595,-5.277501173169744
2022-11-18,10.867396,14.804323000000002,14.641162,30.643125,6.0041605663449245,12.083361498442367,9.86977,16.386363523809525,6.694606,4,11,3,19.596272060890882,-6.534548621535738,-2.1943274393551455
2022-11-19,14.532589,8.472568000000003,14.838101571428572,30.643125,5.9227122799724246,12.079585208074533,9.8787965,16.063232761904764,10.867396,5,11,3,20.711428604665958,-5.711251501731666,-0.4675881029342932
2022-11-20,17.653163,10.698197000000002,14.838105285714287,30.643125,5.6807759562440925,12.087179647058823,9.887823,15.08436561904762,14.532589,6,11,3,21.785767531463954,-2.291450649508455,-1.8411538819554991
2022-11-21,33.056172,14.351049333333336,15.353914571428572,30.643125,5.662468397804834,12.104358608024691,9.896939499999998,14.772456285714286,17.653163,0,11,3,22.78342674051353,11.205653092127225,-0.9329078326407583
2022-11-22,30.117476,21.747308000000004,17.217469857142856,33.056172,6.374946343855372,12.168825726153846,9.906056,15.010040476190479,33.056172,1,11,3,23.675044887231618,6.254803563642288,0.1876275491260948
2022-11-23,26.68839,26.942270333333337,17.253871999999998,33.056172,6.800916951972597,12.223882935582823,9.969429,15.803163238095241,30.117476,2,11,3,24.446713728309337,-1.3709249197390034,3.6126011914296647
2022-11-24,36.974948,29.954012666666667,19.944256,33.056172,6.995813455043659,12.268116902140672,10.032802,16.608418809523812,26.68839,3,11,3,25.101088436334564,12.455142810313943,-0.5812832466485105
2022-11-25,30.080426,31.260271333333332,24.27001914285714,36.974948,7.7090472372719345,12.343442606707317,10.087303,18.13853261904762,36.974948,4,11,3,25.613863189580087,-3.448033092966933,7.9145959033868465
2022-11-26,28.084689,31.247921333333334,27.01473771428571,36.974948,7.772140953952819,12.397354410334346,10.141804,20.48938238095238,30.080426,5,11,3,25.979537649898337,-3.280814277366165,5.385965627467829
2022-11-27,29.027998,31.71335433333333,28.950751999999998,36.974948,7.925858277869204,12.444891787878788,10.15082,23.74300428571429,28.084689,6,11,3,26.231127583075942,2.9453020977539337,-0.14843168082987646
2022-11-28,23.948185,29.064371000000005,30.575728428571427,36.974948,7.853248201075367,12.494991806646524,10.159836,26.74516961904762,29.027998,0,11,3,26.3307909964521,-3.5232759351511955,1.1406699386990908
2022-11-29,21.825505,27.020290666666668,29.27458742857143,36.974948,7.890574617643821,12.529489376506024,10.18705,28.84707271428572,23.948185,1,11,3,26.246014579765603,-8.51467006659341,4.094160486827807
2022-11-30,22.678823,24.933896000000004,28.09002014285714,36.974948,7.894169565555833,12.557405339339338,10.214264,29.600355952380955,21.825505,2,11,3,25.979045160633667,-7.582049038404283,4.281826877770616
2022-12-01,19.830398,22.817504333333336,27.517224857142857,36.974948,7.911542463498834,12.58770898502994,10.232546,29.313445333333334,22.678823,3,12,0,25.56068850858535,-4.7593102320779455,-0.9709802765074045
2022-12-02,17.797856,21.444908666666667,25.068003428571426,36.974948,7.906225518173877,12.609328952238807,10.250828,28.293944142857146,19.830398,4,12,0,25.012917932155766,-1.5854494200735152,-5.62961251208225
2022-12-03,32.511357,20.102359000000003,23.313350571428572,36.974948,7.87927321105184,12.624770997023811,10.250828,26.89174947619048,17.797856,5,12,0,24.337003059894453,11.257036905749636,-3.082682965644093
2022-12-04,27.739981,23.379870333333333,23.94573171428571,36.974948,8.024280598771659,12.683781637982195,10.250828,25.299526285714286,32.511357,6,12,0,23.5517982955368,9.64310112872581,-5.454918424262608
2022-12-05,21.662222,26.016398,23.76172928571429,36.974948,8.117820543061052,12.728326606508876,10.268980500000001,24.109028571428578,27.739981,0,12,0,22.816375447304186,-1.6517841865603842,0.4976307392561985
2022-12-06,57.783753,27.30452,23.435163142857142,36.974948,8.06917726666045,12.75468028023599,10.287133,23.673603857142858,21.662222,1,12,0,22.39332317160051,11.059107242053345,24.331322586346143
2022-12-07,4.626371,35.728652000000004,28.572055714285714,57.783753,10.379713642955512,12.887118729411764,10.305126000000001,23.71420804761905,57.783753,2,12,0,22.447497281965315,-1.7992657454199574,-16.021860536545358
2022-12-08,10.813204,28.024115333333338,25.993133999999998,57.783753,10.860197466352961,12.8628936627566,10.287133,25.25631604761905,4.626371,3,12,0,22.916075282015772,-5.969639525396518,-6.133231756619253
2022-12-09,23.839329,24.407776000000002,24.70496342857143,57.783753,10.973674076070372,12.856900418128655,10.305126000000001,26.000117619047618,10.813204,4,12,0,23.650258294613703,2.5985770691920305,-2.409506363805736
2022-12-10,21.880012,13.092968000000004,25.568030999999998,57.783753,10.979317861492197,12.888919160349854,10.323119,26.42338438095238,23.839329,5,12,0,24.51035640252432,-3.2647014755070383,0.6343570729827199
2022-12-11,8.545396,18.84418166666667,24.049267428571426,57.783753,10.891348463567933,12.915056058139536,10.3323405,25.422042809523813,21.880012,6,12,0,25.36517214480965,-9.605504955658816,-7.2142711891508355
2022-12-12,6.513181,18.08824566666667,21.30718385714286,57.783753,10.930657713347973,12.902390376811594,10.323119,24.774087285714284,8.545396,0,12,0,26.102943084249514,-7.394490745173451,-12.195271339076061
2022-12-13,4.64448,12.312863000000002,19.143035142857144,57.783753,11.218533762978842,12.883924453757226,10.305126000000001,23.641494095238098,6.513181,1,12,0,26.679912628762356,-1.7089760184045941,-20.326456610357763
2022-12-14,34.307589,6.567685666666669,11.551710428571429,57.783753,11.571695335244204,12.860179657060518,10.287133,21.499828809523816,4.64448,2,12,0,27.144873776747634,-1.1774079507825033,8.340123174034868
2022-12-15,61.684719,15.155083333333337,15.79188442857143,57.783753,11.796003437464151,12.92181014367816,10.305126000000001,17.33397647619048,34.307589,3,12,0,27.609276501142226,9.247867252305824,24.82757524655195
2022-12-16,65.242437,33.545595999999996,23.059243714285714,61.684719,13.78322487163315,13.06153194555874,10.323119,15.495543333333336,61.684719,4,12,0,28.154196787256645,10.832459585757865,26.255780626985484
2022-12-17,25.835715,53.74491499999999,28.97397342857143,65.242437,15.467786353057063,13.210620245714285,10.3323405,16.800946190476193,65.242437,5,12,0,28.640014200625448,-1.659739922488805,-1.1445592781366436
2022-12-18,31.36929,50.920956999999994,29.539073857142853,65.242437,15.074080695169222,13.246589176638176,10.341562,22.608367190476194,25.835715,6,12,0,28.738316431976276,9.871479934487727,-7.240506366464004
2022-12-19,30.661267,40.815813999999996,32.79963014285714,65.242437,14.84171082766405,13.298074122159091,10.41402,27.190763666666665,31.36929,0,12,0,28.266672645103707,0.06591419141035881,2.3286801634859344
2022-12-20,20.9547,29.288757333333333,36.24935671428572,65.242437,14.689222161896623,13.347261637393768,10.486478,30.43755914285714,30.661267,1,12,0,27.179208222527233,-9.04206814708266,2.8175599245554253
2022-12-21,28.374971,27.66175233333333,38.579388142857134,65.242437,14.629693525406013,13.368751576271187,10.504591999999999,32.8626869047619,20.9547,2,12,0,24.62210905516354,1.9667957604280657,1.7860661844083907
2022-12-22,21.081583,26.663646,37.731871285714284,65.242437,14.58804357757428,13.411022616901409,10.522706,35.876124999999995,28.374971,3,12,0,22.1200617344372,-2.657125765102323,1.6186470306651195
2022-12-23,15.239754,23.470418,31.931423285714285,65.242437,14.611903753641286,13.432569134831462,10.5591165,37.52020538095238,21.081583,4,12,0,19.686775151499788,-10.493756689447679,6.046735537947889
2022-12-24,19.303688,21.565436000000002,24.788182857142857,65.242437,14.757401412565839,13.437631277310924,10.595527,36.08089423809523,15.239754,5,12,0,17.27297743835801,-7.150712253759344,9.181422815401337
2022-12-25,33.855008,18.541674999999998,23.85503614285714,65.242437,14.664263745060056,13.454016910614524,10.622606000000001,31.483825809523807,19.303688,6,12,0,14.848278210694623,1.6646957263696809,17.342034062935696
2022-12-26,10.631678,22.79948333333333,24.210138714285712,65.242437,14.720150733634858,13.51084418384401,10.649685,26.858214095238093,33.855008,0,12,0,12.39174888363887,-0.3122800685375675,-1.4477908151013015
2022-12-27,2.195314,21.263458,21.348768857142854,65.242437,14.96638561199288,13.5028465,10.6406815,24.28445257142857,10.631678,1,12,0,9.885822718619883,7.300714921900423,-14.991223640520305
2022-12-28,4.31793,15.560666666666668,18.668856571428567,65.242437,15.51767542424186,13.471523695290859,10.631678,23.13798123809524,2.195314,2,12,0,7.321452385040406,12.126848954472646,-15.13037133951305
2022-12-29,5.061757,5.714974000000001,15.232136428571428,65.242437,15.938827809296106,13.446237524861877,10.6136025,21.409254714285712,4.31793,3,12,0,4.701300498687484,-1.7766335059747047,2.1370900072872203
2022-12-30,5.950761,3.8583336666666668,12.943589857142857,65.242437,16.292804343707683,13.423139782369146,10.595527,18.416587285714286,5.061757,4,12,0,2.0362571483412673,7.351110327635819,-3.4366064759770865
2022-12-31,8.273009,5.110149333333333,11.616590857142857,65.242437,16.588894933704317,13.40261126923077,10.5591165,15.614860952380951,5.950761,5,12,0,-0.6625806421937779,2.5330207305161276,6.402568911677649
